City,State,Sale Amount,Sale Date
Martinezfort,New Mexico,3305.31,2024-05-24
New Rhonda,Washington,417.55,2024-02-09
Sanchezland,Idaho,1592.64,2023-12-10
Welchside,Wyoming,1349.09,2023-12-06
West Shannonborough,Missouri,3761.41,2024-03-11
North Staceymouth,Pennsylvania,3480.49,2024-02-13
New Josephtown,Texas,4493.24,2024-05-20
New Allen,Connecticut,708.61,2024-04-25
Charlesfort,Arkansas,2283.03,2024-05-15
Joneschester,Oregon,440.05,2024-11-18
Melanieside,Virginia,1327.6,2024-04-23
West Natalieburgh,Rhode Island,2675.17,2024-10-21
South Jimborough,Texas,424.72,2024-11-15
Ryanbury,Wyoming,1234.54,2024-10-20
Antonioton,Oklahoma,3354.46,2024-09-03
Kyleland,Idaho,2861.22,2024-03-31
Alexanderchester,Arizona,1336.07,2024-09-22
South Ryan,Utah,3069.55,2024-05-18
Smithfurt,Idaho,4104.32,2024-05-31
West Sarahmouth,Florida,330.54,2024-04-29
Hughesville,Arizona,4087.35,2024-07-15
Veronicabury,Arizona,3581.26,2024-02-08
Lake Samuel,Alaska,1899.18,2024-01-09
Port Margaret,California,1030.75,2024-01-17
Port Robin,Nevada,4798.9,2023-11-25
South Maryton,New Mexico,1881.99,2023-12-15
South Gavin,Oregon,735.91,2024-01-01
Pollardview,Utah,754.57,2024-03-29
East Amandaport,Kentucky,4283.22,2024-08-24
South Megan,Louisiana,3137.51,2024-02-26
South Tammy,New York,4093.5,2024-06-23
Zacharyborough,Nebraska,3729.74,2024-02-20
Port Evan,Maryland,2820.27,2024-05-14
Jonesbury,Kentucky,4873.64,2024-10-30
South Kathleenmouth,Alaska,2079.11,2024-07-23
West Timothy,North Dakota,2894.59,2024-04-28
Perezview,South Dakota,4198.2,2024-01-28
Clarkside,Montana,3207.04,2024-06-09
New Meagan,Minnesota,4350.02,2023-12-20
Jacquelineport,Arizona,3013.56,2024-08-19
Lake Kyle,Maine,3611.49,2024-11-03
Port Kellyton,Arkansas,515.37,2024-04-01
North Jennifer,Iowa,1371.12,2024-07-23
Briantown,Pennsylvania,1660.12,2024-04-18
Nicolebury,South Carolina,675.02,2023-12-21
West Lisaburgh,West Virginia,1394.12,2024-05-15
Juliaville,Alaska,774.71,2024-07-26
Port Ashleyside,Kentucky,1606.48,2024-08-13
Nicoleburgh,Florida,3287.72,2024-07-16
Lake Cassandraside,Maine,2014.71,2024-06-22
Watsonton,Pennsylvania,2039.85,2023-12-09
South Kennethmouth,New Hampshire,1284.68,2024-05-15
West Timburgh,Oklahoma,1554.8,2024-02-17
Lowestad,Hawaii,4702.28,2024-07-28
Lake Christina,Vermont,3345.77,2024-05-19
Osbornetown,New York,3162.92,2024-06-18
North Richardburgh,Florida,1104.35,2024-03-02
Jameschester,Arizona,3726.9,2023-12-16
Avilahaven,New York,1067.99,2023-12-05
South Christine,Alaska,2083.44,2024-01-26
East April,Kentucky,4950.76,2024-09-20
North Holly,Wisconsin,3308.0,2024-04-16
Williamston,South Dakota,2917.66,2024-09-11
Lake Ericshire,South Dakota,3517.69,2024-10-24
Garciaberg,North Dakota,4261.4,2024-07-26
Camachobury,New Mexico,3947.2,2024-02-14
Port Justinside,Michigan,1376.53,2023-12-06
Brownmouth,Texas,450.87,2024-07-17
West Tanyastad,New York,1782.63,2024-05-19
East Angelaton,New Hampshire,1558.38,2024-11-01
Ethanview,Ohio,1291.62,2024-05-05
Curtisview,Vermont,4731.68,2024-05-27
Dillonton,Maine,4418.93,2024-06-26
New Nathanside,Michigan,1778.99,2024-10-28
New Charlene,New Jersey,3380.56,2024-03-25
Michelestad,Ohio,2159.47,2024-05-28
Lake Victoriastad,Virginia,4598.37,2024-09-26
Charlesview,Minnesota,2456.6,2024-09-19
South Shannonfurt,Georgia,1544.94,2024-06-26
Thomasside,West Virginia,1459.15,2024-11-22
North Emily,Hawaii,2938.43,2024-05-17
Spencerview,Alaska,1534.89,2024-08-06
Mcgeebury,New Mexico,3047.55,2024-06-05
Port Jaredshire,Arizona,4519.77,2024-06-06
Mcdonaldville,Maryland,2177.18,2024-02-28
Port Sheila,Florida,1330.81,2024-01-08
Thomasstad,Oklahoma,4988.43,2024-10-15
Frankborough,New Hampshire,2694.77,2024-06-08
Port Reneechester,Oregon,727.27,2023-12-04
South Bruce,Alabama,521.45,2024-05-01
South Joseph,West Virginia,815.35,2024-03-20
South Cindyfurt,New Jersey,3249.0,2024-08-01
New Heatherborough,Wyoming,4022.77,2024-11-14
Kempfurt,Nevada,2284.15,2024-05-02
Tonimouth,Oklahoma,598.58,2024-06-19
New Valerie,Minnesota,2093.61,2024-07-19
Wilsonfurt,Maryland,4981.77,2024-06-07
Esparzaberg,Virginia,2786.84,2024-02-20
Lake Gailburgh,South Dakota,4864.07,2023-12-18
North Sandra,South Carolina,4345.66,2024-04-25
West Robertborough,Montana,353.96,2024-04-11
Evansstad,Arizona,3687.39,2023-12-13
Marybury,Wyoming,3504.04,2024-10-09
Kimberlyton,Colorado,2823.76,2023-12-10
Marcusberg,Mississippi,1554.08,2024-02-01
Adrianbury,Colorado,3312.52,2024-04-19
Dixonport,Missouri,824.3,2024-10-29
Port Robert,New Jersey,2343.4,2024-06-30
South Justinmouth,West Virginia,2432.5,2024-02-20
Lake Christopherberg,Kentucky,4782.93,2024-07-14
Jonesview,Arizona,4416.51,2024-04-27
Davisland,Virginia,1537.93,2024-02-18
New Michaelton,Wyoming,2652.75,2023-12-16
Lake Matthewchester,Ohio,1139.66,2023-12-30
Jasonview,Tennessee,4589.35,2024-05-19
Lake Susan,Illinois,4391.44,2024-05-04
North Jose,New Mexico,1702.69,2024-04-04
New Richard,Louisiana,3303.06,2024-10-28
Dawnfurt,Alaska,3162.16,2024-02-25
Dominiquemouth,Georgia,1018.34,2024-07-09
Castilloburgh,Indiana,3883.8,2024-11-07
Lake Erik,West Virginia,2835.08,2024-03-16
West Fernando,Massachusetts,3959.54,2024-08-27
Debratown,Georgia,2792.66,2024-09-14
Carlsonfurt,Kentucky,302.69,2024-10-31
New Stacystad,Oklahoma,1823.53,2024-06-28
Melissaborough,Michigan,391.54,2024-09-15
Kennethfort,Oregon,4666.76,2024-10-02
Coxfurt,New Hampshire,4429.99,2023-12-30
Beardville,North Dakota,4208.83,2024-08-18
East Joshua,Pennsylvania,1745.32,2024-01-14
North Huntertown,Hawaii,572.25,2024-10-15
East Melissafurt,Colorado,4426.65,2024-06-30
Martinborough,Maryland,4750.66,2024-07-04
Guerreromouth,Michigan,702.57,2024-01-15
New Austin,Tennessee,2584.16,2024-09-10
Pittsshire,South Dakota,625.3,2024-03-14
Lake Jason,West Virginia,3874.83,2023-12-20
East Frank,Colorado,3899.42,2024-10-28
New Davidburgh,Nevada,903.44,2024-10-25
Bobbyview,Maine,2533.83,2024-11-12
Kimberlymouth,Missouri,2884.08,2024-04-25
West Carolville,Colorado,1545.77,2023-12-08
Ariastown,Oregon,4400.44,2024-03-27
Nguyenstad,Tennessee,2288.75,2024-06-15
East Scott,California,1295.45,2024-06-06
South Danielside,Colorado,2834.69,2024-08-11
Higginsburgh,Nebraska,3730.68,2024-02-01
Sheilahaven,North Carolina,1245.41,2024-01-10
Longmouth,Montana,1765.07,2023-12-29
Emilyburgh,Kansas,4977.2,2024-04-19
New John,Oklahoma,3354.43,2024-07-27
Port Brian,Connecticut,2359.07,2024-01-02
Donnastad,Michigan,2732.61,2024-09-29
Port Amberfort,Alaska,868.72,2024-03-17
Williamsland,Illinois,1356.08,2024-04-06
East Sandra,Arkansas,1889.0,2024-04-08
Princemouth,Pennsylvania,3065.05,2024-03-21
Port Danielle,Colorado,1381.54,2024-09-18
West Debra,New Jersey,1335.02,2024-08-01
Bryanfurt,Arizona,633.67,2024-01-07
North Cassandramouth,Maine,3266.18,2024-04-06
North Christineland,Texas,1376.03,2023-12-23
North Scott,Oregon,4555.47,2024-05-19
Amberstad,Alaska,4340.29,2024-11-21
North Richardmouth,New Jersey,633.03,2024-11-21
Westberg,Illinois,1418.62,2024-07-29
Dixonburgh,Vermont,3444.2,2024-01-21
Port David,Idaho,1306.91,2024-06-22
Martinville,South Dakota,921.87,2024-10-12
East Josephton,Arkansas,4696.92,2024-03-26
Lake Robert,Arkansas,2983.9,2023-12-20
North Tinabury,Alaska,2521.55,2024-09-27
South Codyside,Missouri,3987.71,2024-01-24
Patrickchester,Connecticut,4095.24,2024-02-19
New Danielleville,Wyoming,1194.93,2024-06-21
Kimberlychester,Minnesota,755.57,2024-10-05
East Katherine,Idaho,2325.94,2023-12-19
North Elizabethport,Tennessee,2290.82,2024-05-11
Virginiashire,Oregon,2495.02,2023-12-20
Leonardfurt,Maine,3726.66,2024-01-08
Rodriguezbury,North Dakota,3464.81,2024-08-17
Mendozaberg,Florida,4925.58,2024-05-13
Michelleville,Maryland,762.56,2023-11-29
New Dianamouth,Oklahoma,2192.32,2024-06-20
Patriciaton,Missouri,1894.72,2024-05-20
Jasonton,Montana,4349.86,2024-06-06
South Toddbury,Wyoming,1468.68,2024-08-10
Rodriguezborough,Delaware,1193.98,2024-06-27
Vasquezfort,Kansas,2408.48,2024-10-27
South Richard,Connecticut,2282.84,2024-11-01
Mclaughlinview,Alabama,1609.16,2024-04-29
West Crystalfurt,Florida,1474.09,2024-08-16
Ebonyside,Utah,4639.35,2024-10-19
Davidberg,Montana,2382.71,2024-11-15
Nicolasbury,Hawaii,4348.34,2023-12-17
North Carolynhaven,Florida,2886.53,2024-05-03
Johnfort,Wyoming,537.77,2024-07-17
Hernandezchester,Hawaii,4996.63,2024-10-03
Kellyland,New York,4229.33,2024-04-09
Lake Steven,North Carolina,4854.28,2024-09-25
Lake Christophermouth,Arkansas,4653.92,2024-08-06
Staceyville,West Virginia,4288.87,2024-03-11
Hendersonborough,New Hampshire,1081.66,2024-08-21
Kevinton,Arkansas,2582.51,2023-12-11
Lake Darrell,Mississippi,1304.61,2024-08-25
Buckleyport,Nebraska,2184.89,2024-08-07
Lake Angela,Oklahoma,575.59,2024-06-29
Leahport,North Dakota,2081.17,2024-08-25
New Craig,Wisconsin,4930.95,2024-10-17
Lake Jerome,Indiana,1546.45,2024-11-14
Cartermouth,Indiana,3985.13,2023-12-11
West Morgan,Nebraska,2438.54,2024-06-10
Port Karen,Washington,2288.14,2024-04-23
Brownbury,Wyoming,4799.39,2023-12-05
Davidville,Colorado,4978.49,2024-03-28
North Randyburgh,Hawaii,2912.11,2024-11-09
Jasminemouth,North Carolina,3676.52,2023-12-22
North Helen,Washington,1027.55,2024-09-16
Vazquezborough,Ohio,1694.53,2024-08-07
South Lisafort,Florida,4852.93,2023-12-30
Jonesport,Michigan,3022.15,2024-07-20
Fernandezside,Georgia,2848.32,2023-12-16
Port Kevin,Wisconsin,3815.49,2024-01-01
North Brianberg,Colorado,568.68,2024-09-19
Krausebury,Nevada,3045.63,2024-07-17
Lake Kari,Vermont,2663.4,2023-12-30
Lake Kristina,Rhode Island,4307.78,2024-01-29
Lake Vincentport,Pennsylvania,1039.93,2024-02-11
North Peter,North Carolina,4815.66,2024-06-08
New Johnton,Nebraska,676.52,2024-01-31
Lake Darren,Wisconsin,1173.38,2024-06-02
South Melissa,Wyoming,3096.67,2024-06-02
Johnsonside,California,3473.5,2024-06-11
Thomashaven,Mississippi,1405.46,2024-10-27
Petersfurt,Oregon,863.47,2023-11-30
South Benjamin,Oklahoma,4484.35,2024-01-25
Heatherfort,Oklahoma,1457.21,2024-03-19
Aguilarberg,Wyoming,3094.24,2024-07-02
Schmidtbury,New Jersey,3211.09,2023-12-22
South Scottton,Oregon,2270.36,2024-11-12
Cantrellville,New Hampshire,3043.26,2024-03-09
West Nicholasberg,Washington,2757.08,2024-10-23
North Ericfort,Virginia,4693.12,2024-02-20
East Laura,Wyoming,1260.02,2024-07-03
Martinezville,New Jersey,3666.1,2023-12-10
New Derek,Missouri,1421.82,2024-03-08
South Sarah,North Dakota,2160.19,2024-02-26
Popefurt,Vermont,3456.94,2024-04-13
New Sandra,Oklahoma,1709.99,2024-08-15
Lake Sharonland,Washington,1786.03,2024-01-24
Watkinsmouth,Wyoming,3833.76,2024-03-13
East Ericbury,Vermont,640.95,2024-02-28
North Michael,Rhode Island,2453.94,2024-01-21
Port John,Connecticut,4992.74,2024-04-02
Port Michael,Pennsylvania,4981.65,2024-07-07
Rebeccaburgh,Montana,644.33,2024-07-06
Lake Austin,Wisconsin,1301.83,2024-05-30
Lisaton,Pennsylvania,1546.44,2023-12-26
Tamarastad,Tennessee,4686.32,2024-10-06
Lake Ericbury,Wisconsin,4440.06,2024-05-16
South Gabrielle,Utah,4432.57,2024-07-25
Port Lauriestad,West Virginia,2036.78,2024-02-18
East David,Kentucky,1041.41,2024-02-23
West Timothy,Oklahoma,4218.6,2024-04-28
Scottberg,Indiana,3606.64,2024-06-08
Lake Anneland,Maine,3174.89,2024-07-09
Hartside,Montana,4940.0,2024-07-12
Andersonchester,Nebraska,3373.69,2024-09-09
Valeriemouth,Maryland,336.77,2024-07-16
Ellisonside,Wisconsin,4140.39,2024-06-01
Lake Christopher,Washington,1707.08,2024-07-13
East Michael,Iowa,3417.93,2024-08-29
New Chadburgh,West Virginia,4712.97,2024-05-09
Lake Tracie,New Mexico,931.17,2024-11-06
East Stephen,West Virginia,842.51,2024-05-04
East Brandonland,Florida,803.07,2024-05-03
Lake Raymond,Louisiana,2900.15,2024-06-19
South Allisonmouth,Illinois,1580.04,2024-07-29
East Pamelastad,New Mexico,3142.7,2024-05-16
Fishermouth,New Mexico,3672.78,2024-08-19
Port Annaburgh,Kentucky,1256.91,2024-05-11
Hermanfurt,Tennessee,3280.92,2024-03-06
Roberthaven,Maryland,1540.72,2024-01-26
Lake Cameron,Michigan,2596.1,2024-11-18
Kennethtown,New Jersey,4555.08,2024-04-18
Cookborough,South Dakota,4276.69,2024-07-11
Robertsfort,New Hampshire,733.8,2024-09-10
East Edward,Florida,2290.81,2023-12-23
Russellfort,Texas,1600.4,2024-10-05
South Christineview,Wyoming,316.66,2023-11-27
South Rachel,Delaware,3924.26,2023-12-12
Sylviamouth,North Dakota,3294.43,2024-02-09
Michellechester,Wyoming,1531.19,2024-09-25
New Janetmouth,Indiana,3783.79,2024-09-30
Port Normanton,Montana,2892.9,2023-12-28
Stacyport,Missouri,2310.13,2024-10-04
New Tracytown,New Jersey,345.45,2024-10-11
South Rodney,Maryland,653.65,2024-10-18
East Marcusshire,Indiana,4450.6,2024-05-11
West Amy,North Dakota,4548.46,2024-08-01
Abigailberg,Idaho,2864.27,2024-05-17
Lake Kathryn,Michigan,4222.6,2023-12-05
Port Austinview,Arkansas,3037.79,2024-03-16
Robertmouth,Connecticut,996.04,2024-03-25
North Dylanhaven,Arkansas,898.99,2024-02-26
South Vincentton,Idaho,1748.81,2024-05-11
Seanville,Nebraska,4525.21,2024-01-04
North Michaeltown,Wisconsin,4041.77,2024-06-02
Goodberg,Washington,4345.3,2024-09-21
Steveshire,Arkansas,4524.95,2024-09-19
Dustinshire,Florida,1287.36,2024-04-03
Ruizburgh,Maine,1472.79,2024-01-05
Port Lawrence,North Dakota,783.13,2024-01-20
Walkerborough,Michigan,3966.55,2023-12-17
Johnstad,Vermont,4455.43,2024-09-26
Pittsport,Wyoming,2209.97,2024-01-23
Lake Catherineside,Hawaii,3217.11,2023-12-05
Espinozashire,Massachusetts,1026.4,2024-11-08
Willismouth,Louisiana,4670.44,2024-08-28
Port Heathermouth,Rhode Island,4363.65,2024-09-05
New Kimberlymouth,New York,4888.17,2023-12-02
Port Joseph,Michigan,4110.63,2024-02-07
Hannahfort,Illinois,4442.66,2024-04-27
North Matthew,Virginia,416.5,2024-09-21
Debrahaven,Idaho,3761.85,2024-01-07
Holmesport,Kansas,1861.27,2023-12-17
Portershire,Vermont,4674.83,2024-02-13
Garciaside,Iowa,4070.51,2024-07-31
Johnsonshire,Rhode Island,4361.1,2023-12-27
Andrewhaven,Ohio,4110.52,2023-12-01
Jesusborough,Massachusetts,1553.99,2024-05-16
Mallorytown,Alaska,4000.66,2024-10-19
Mooreville,Oklahoma,808.05,2024-01-12
North Timothyfort,Arkansas,4399.18,2024-06-06
East Elizabeth,Georgia,4335.39,2024-10-16
Bradfordton,Mississippi,1345.44,2024-01-20
Suttonside,Pennsylvania,4137.96,2024-04-12
New Erikborough,North Carolina,2463.43,2024-09-17
Brianside,Arizona,1734.4,2024-09-26
New Ashleymouth,North Dakota,4038.12,2024-04-06
Angelaport,Washington,1369.7,2024-10-13
Bradleyburgh,Tennessee,411.22,2024-06-11
Laraview,Massachusetts,1207.71,2024-08-23
Davismouth,Mississippi,1842.83,2023-12-21
Williamsmouth,Utah,4362.46,2024-10-04
North Tiffany,Nevada,4844.38,2024-06-30
Annafort,Kentucky,1611.89,2024-04-22
Garciachester,North Dakota,3314.96,2024-06-19
Everettshire,Kentucky,2178.49,2023-11-29
Ernestfort,Oregon,4911.4,2024-03-23
East Brandon,Maryland,2820.21,2024-09-28
Lake Karenmouth,Connecticut,4714.41,2024-10-19
New John,Kentucky,842.11,2024-03-03
Garciahaven,South Carolina,4860.88,2024-05-21
Arnoldtown,South Carolina,1139.27,2024-10-03
Ianhaven,Louisiana,4823.91,2024-08-19
South Stacy,Nevada,1547.69,2024-03-04
Schaeferburgh,Arkansas,809.49,2024-11-18
Hartchester,Virginia,2342.45,2024-07-15
Josephtown,Louisiana,3724.16,2024-02-20
Alanport,Arizona,1774.28,2023-12-18
South Anita,Wisconsin,3149.18,2024-04-14
Madisonstad,Wisconsin,2703.69,2024-09-23
Port Ryan,Georgia,2110.42,2024-03-09
East Brian,South Dakota,3009.96,2024-06-18
Port Alexisshire,New York,1497.2,2023-12-14
North Ronald,South Carolina,3631.29,2024-07-12
East Dominiqueburgh,Wyoming,307.95,2024-07-27
East Misty,Louisiana,4650.2,2024-09-21
Jenniferstad,Pennsylvania,2830.72,2024-03-27
Carlsonport,Utah,3681.32,2024-09-11
Lorishire,Iowa,3787.17,2024-04-05
West Nancy,Hawaii,3451.95,2024-05-22
Sylviaport,Maryland,2011.84,2024-08-19
South Amy,Arkansas,628.88,2024-02-29
Kevinfurt,South Carolina,3421.92,2024-08-23
Karinashire,Connecticut,1851.94,2024-07-28
East Amanda,North Dakota,1775.4,2024-10-31
Lake Jamie,Arkansas,4285.67,2024-09-28
West David,Missouri,3682.85,2024-10-25
Teresamouth,South Carolina,1711.51,2024-03-11
Michaeltown,Washington,1753.64,2024-02-21
Jacobside,Rhode Island,2219.45,2024-06-13
Carlashire,Minnesota,2191.28,2024-09-04
East Cheryl,Rhode Island,1689.58,2024-10-07
South Carolstad,Massachusetts,898.25,2023-12-07
Barrtown,Florida,2276.1,2024-01-18
North Janefort,Montana,4719.71,2024-07-20
Port Ashleyland,Montana,3483.39,2023-12-08
East Brooke,Missouri,4543.19,2024-01-18
Isaacshire,California,3192.92,2024-01-23
North Raymondchester,Wyoming,1714.46,2024-03-20
Farmerborough,Oregon,2875.3,2024-04-13
Bettyside,Pennsylvania,301.91,2024-03-02
Stephenburgh,New Jersey,1648.49,2023-12-18
Davidland,Utah,2320.47,2024-11-04
Derekville,Wyoming,3025.93,2024-01-24
South Isaiah,West Virginia,3377.12,2024-09-17
Port Nancymouth,Michigan,2485.44,2024-07-03
West Joann,Texas,2378.15,2024-10-17
Johnsonburgh,Ohio,1304.4,2024-08-03
Port Michaelside,Montana,2523.98,2024-04-06
Elizabethmouth,Wisconsin,4535.55,2024-05-05
West Marissaborough,Georgia,4041.32,2024-09-16
New Jacquelinebury,North Dakota,1097.55,2024-09-10
Shelleyberg,Utah,698.54,2024-02-02
North Brandontown,Arizona,2722.62,2024-03-26
Deanport,Montana,3274.82,2024-07-09
Jeremymouth,South Carolina,1875.38,2024-07-07
East Victoria,Washington,4146.59,2024-03-14
Jordanfurt,Maryland,3830.35,2024-01-17
South Hollyburgh,Michigan,3462.14,2024-05-28
West Amanda,Washington,1355.81,2024-09-15
Lake Joshua,Mississippi,1235.91,2024-08-30
New Sylviachester,Arkansas,414.8,2023-12-03
Markbury,California,1450.76,2024-05-04
Jonesstad,Tennessee,2533.14,2024-03-18
Turnerfort,Illinois,4293.77,2024-09-27
Danielfort,Mississippi,642.29,2023-12-21
Davisport,Utah,2247.87,2024-05-04
North Douglas,Michigan,3259.9,2024-09-19
Jenniferstad,Missouri,1213.85,2024-05-30
Longtown,North Carolina,3572.86,2023-11-30
North Jenniferland,New Jersey,2623.57,2024-03-19
New Ashleyton,Missouri,1446.73,2024-06-18
Port Bobbystad,Nevada,3383.47,2024-07-11
Smithbury,Kentucky,326.06,2024-05-13
Taylorhaven,West Virginia,3829.53,2024-10-27
Smithfort,Nebraska,3919.22,2024-08-18
Martinezton,New Jersey,800.96,2024-11-05
New Meganport,Indiana,2298.19,2024-05-03
Longville,South Carolina,1126.67,2024-07-20
Kellyport,Nevada,4802.44,2024-04-12
New Glennbury,Kentucky,2734.4,2024-11-17
New Soniachester,Connecticut,536.03,2024-01-19
Jamesmouth,New Jersey,1471.23,2024-03-31
Kendrafurt,Kansas,4287.18,2024-08-05
Kevinside,Kansas,2445.37,2024-08-01
Jilltown,Hawaii,4066.66,2024-11-18
New William,Kentucky,3437.62,2024-02-17
East Mary,California,4943.09,2024-06-03
North Tanyaside,Minnesota,3098.63,2024-02-11
Lake Lisa,Montana,4765.19,2024-05-11
Cohenbury,Illinois,4489.7,2024-02-20
Ryantown,Mississippi,3179.47,2024-06-01
New Ashleymouth,Iowa,3680.59,2024-07-18
Bergmouth,Iowa,2672.46,2024-01-20
West Joannaville,Georgia,4203.68,2024-09-06
Roseshire,Nevada,2875.0,2024-10-13
Taylorside,Kansas,4516.88,2024-06-26
New Markburgh,Iowa,3795.18,2024-04-12
Rubenberg,Alabama,2530.97,2024-11-05
Maryton,Wyoming,1518.2,2023-12-22
Rebeccashire,Rhode Island,1462.03,2024-05-14
West Paulabury,Oregon,3297.01,2024-06-17
Riveraburgh,North Dakota,3899.32,2024-11-03
Port Brian,California,2750.11,2024-08-21
Patrickmouth,Idaho,3245.72,2023-12-31
South Samuel,Florida,1590.61,2023-12-22
Williamstown,New Mexico,664.17,2024-10-04
Jamesmouth,Indiana,1642.92,2024-05-27
Lake Brent,Wyoming,1577.06,2024-11-12
North Karenstad,Kansas,1802.63,2024-10-07
Lake Mark,Connecticut,2838.72,2024-07-28
Gilmorechester,Michigan,950.36,2024-01-16
South Jonathanshire,South Carolina,1386.93,2024-02-20
Lake Eric,Alabama,3561.56,2024-04-22
Grahammouth,Oklahoma,3620.17,2024-03-07
Joshuaburgh,Missouri,601.88,2024-06-22
New Jerry,Delaware,2215.72,2024-06-22
North Ricky,Indiana,2850.27,2024-05-13
Port Angela,Washington,2254.14,2024-06-30
Lake Chloechester,North Dakota,1272.12,2024-11-13
New Josephbury,Texas,2274.67,2024-11-02
South Ambermouth,Colorado,4552.74,2023-12-13
Carrton,Maine,3045.17,2024-09-22
Petersbury,Louisiana,3568.96,2024-01-23
West Brittanyfurt,Illinois,4326.64,2024-01-01
South Kevin,Arizona,3898.29,2024-08-11
North Colinchester,Pennsylvania,2087.79,2024-06-03
West Kenneth,Hawaii,327.71,2024-11-01
North Alexandraburgh,Rhode Island,1953.27,2024-01-10
New David,New Mexico,3841.33,2024-01-12
Lake Carlbury,Washington,4311.21,2024-06-15
Christytown,New York,4781.12,2024-04-30
Youngport,Pennsylvania,2269.4,2024-04-07
Hardychester,Vermont,3813.32,2024-09-08
Port Anthony,North Dakota,2866.82,2024-04-27
Hansonchester,Wisconsin,3135.29,2024-11-08
Martinstad,West Virginia,1336.53,2024-11-05
Jacksonland,Tennessee,1331.28,2024-11-18
New Larryville,Colorado,2348.43,2024-04-05
North Michelleburgh,West Virginia,436.42,2024-09-05
Pollardtown,Indiana,1879.81,2024-10-07
Hernandezchester,Kansas,3491.97,2024-07-21
South Johnland,South Carolina,2200.29,2024-08-04
Youngport,New Jersey,1075.71,2024-07-22
Dawnbury,California,2496.73,2024-09-24
East Thomasbury,Wyoming,899.85,2024-05-05
Port Juliebury,Nevada,3224.61,2024-05-26
Port Cynthia,North Dakota,426.74,2024-06-14
North Sarahport,Utah,2151.9,2024-07-09
Marshallland,North Carolina,2952.64,2024-04-07
South Hollymouth,Minnesota,427.38,2024-01-02
South Josephshire,Kentucky,3320.92,2024-02-01
North Robertchester,Nebraska,937.79,2023-12-19
Williamsshire,South Carolina,2469.98,2024-09-03
North Jennifer,New Hampshire,536.34,2023-12-23
New Jacobfort,Oregon,2081.79,2024-05-05
Griffinmouth,Virginia,1294.8,2024-02-10
West Regina,New Jersey,1836.18,2024-05-14
North Kellyland,Kentucky,3877.78,2024-05-22
Johnmouth,Colorado,2081.89,2024-06-12
North Nicholasberg,Washington,3834.45,2023-12-14
Byrdmouth,Nebraska,4210.04,2024-06-02
Daltonborough,Nevada,1485.68,2024-08-04
Lake Frank,Kentucky,684.96,2024-05-30
Perkinsside,Delaware,391.1,2024-07-08
Lindsayfort,Arizona,2835.27,2024-09-12
New Jamesbury,Maine,4999.57,2023-12-28
New Amandatown,Montana,1944.81,2024-04-02
Port Jamiefurt,New York,3355.68,2024-06-08
Lake Makaylastad,Wyoming,3971.8,2024-06-18
Franciscoborough,Michigan,3363.25,2024-06-19
Lanefurt,Oklahoma,3844.9,2024-07-25
East Tammy,Oklahoma,4763.18,2024-04-22
West Jasminemouth,Delaware,1237.0,2023-11-28
Cameronshire,Alaska,395.79,2024-02-11
Nguyenmouth,Florida,1016.2,2024-04-08
New Michaelhaven,Texas,893.24,2024-10-18
North Lisaland,Oklahoma,3446.46,2024-09-19
West Jamesstad,Massachusetts,2950.66,2024-06-16
Richardtown,Arkansas,1324.43,2024-07-30
Robintown,California,3587.49,2024-01-04
Ronaldhaven,Rhode Island,3904.42,2024-10-06
Cherylview,New Jersey,1088.61,2024-08-30
East Tiffanyberg,Iowa,3154.06,2024-06-28
Aguilarside,Michigan,3815.25,2023-11-30
Brianport,New Hampshire,838.3,2024-07-20
Trevorport,Colorado,4150.72,2024-11-07
Kellerfort,Maine,4834.19,2024-08-09
South Tammyshire,Missouri,808.06,2024-02-23
East Valerie,Virginia,420.69,2024-03-31
Lake Raymondton,Kansas,1766.2,2023-12-10
Andersonmouth,Washington,3483.53,2024-10-11
Lake Lisaside,Mississippi,4803.41,2024-11-02
North Adam,Arizona,2164.28,2023-12-19
Lake Rebecca,Wisconsin,3660.57,2024-11-05
Annaberg,Kansas,657.18,2024-05-09
Brendaburgh,Rhode Island,3545.89,2024-03-16
Timothyburgh,Virginia,3248.04,2024-07-30
South Scottburgh,Massachusetts,778.94,2024-09-28
West Catherinefort,Oklahoma,3930.66,2024-03-16
Bellchester,Mississippi,4296.38,2024-07-18
North Racheltown,Oregon,3121.93,2024-05-03
New Amy,West Virginia,868.96,2024-04-21
East Nicholas,Colorado,4924.07,2024-04-11
Villegasfort,Alaska,3978.39,2024-05-30
New Michaelborough,Alaska,1931.86,2024-06-05
South Cindy,Alaska,2313.38,2024-11-06
Woodardview,Washington,2041.68,2024-01-15
Dianeport,Utah,2678.02,2024-09-03
Rangelland,Maryland,1903.79,2024-05-06
Clarkmouth,Alabama,4293.01,2024-02-06
Ortizland,Kansas,4164.96,2024-10-05
South Kimberlyside,Alaska,796.03,2024-05-29
Lake Nataliemouth,Missouri,4815.7,2024-10-24
North Lorimouth,Texas,3287.25,2024-07-13
East Johnmouth,New Mexico,4194.92,2024-03-17
North Tyler,New Mexico,3624.35,2024-08-27
New Malikport,Washington,2346.79,2024-05-15
Lake Kimberlyborough,Arkansas,3748.84,2024-05-14
Weeksview,Wyoming,4837.73,2024-01-07
South Martin,Rhode Island,1569.39,2024-10-03
North Kristin,Delaware,4098.54,2024-11-18
Guerramouth,Wisconsin,2829.41,2024-09-17
South Laura,Oklahoma,2572.44,2024-05-25
Nicholasport,Indiana,2347.2,2024-05-10
New Joseph,West Virginia,3735.82,2024-11-10
Acevedoville,Minnesota,1561.46,2024-10-05
Seanmouth,Vermont,4303.05,2024-04-06
North Carrieside,Hawaii,4204.44,2024-02-11
Lake Sandra,Michigan,707.32,2024-08-03
Rodriguezburgh,Idaho,4443.67,2024-08-13
Ricefort,Oklahoma,1446.16,2024-09-24
Alvarezton,New Jersey,2484.13,2024-08-13
Emilystad,Washington,3168.56,2023-11-27
Port Mary,South Carolina,2081.25,2024-06-13
Smithview,Nevada,434.89,2024-10-24
Scottchester,Oklahoma,4299.48,2024-04-20
South Derrickfort,Virginia,1154.65,2024-05-07
Mathewsberg,North Carolina,1296.96,2024-06-16
Christinamouth,Michigan,4049.81,2024-01-24
Gonzalezchester,Minnesota,1899.59,2024-02-23
South Danielton,Wisconsin,4437.5,2024-05-20
East Douglaston,Nevada,3595.56,2024-08-07
Patriciafort,Oregon,1598.46,2024-08-17
Tanyaton,North Dakota,347.71,2023-12-02
Johnburgh,Colorado,4755.89,2024-10-06
West Amy,Kentucky,702.38,2024-01-29
New Lanceport,Arkansas,3684.35,2024-01-16
West Christineville,Alabama,2596.32,2024-09-30
South Jamesshire,Montana,3863.37,2024-09-26
Aprilside,Kentucky,3545.86,2024-03-11
Burtonton,Virginia,3335.74,2024-06-19
Lake Angelaside,Alaska,2606.86,2024-01-29
Port Randy,Florida,4026.78,2024-05-27
Port Eric,Kansas,737.35,2024-07-17
Savageton,Florida,1341.5,2024-10-23
Reedfurt,Texas,3551.4,2023-12-23
Millerhaven,Alabama,1739.17,2024-04-19
Moonside,Virginia,3033.31,2024-04-08
Hayesfort,South Carolina,2524.32,2023-12-13
Christopherborough,Nevada,2795.33,2024-06-07
North Danielle,Colorado,2299.87,2024-11-10
New Anaton,Alaska,3805.9,2024-03-04
Port Bradley,Florida,1854.72,2024-02-19
West Daniellebury,Kansas,3603.42,2023-12-03
South Ray,Wisconsin,1573.31,2024-09-01
East Kaitlin,Indiana,1481.6,2024-05-10
Port Matthew,Alabama,867.08,2024-05-19
Leefort,California,1205.15,2024-01-04
Marychester,Georgia,861.91,2024-11-21
Brucechester,Maine,2818.56,2024-04-06
New Markburgh,West Virginia,3882.29,2024-05-19
West Brianview,Oregon,1170.2,2023-12-30
East David,Iowa,1317.01,2024-06-17
Sarahborough,Hawaii,2575.73,2024-11-01
East Maryhaven,North Dakota,3705.55,2024-08-21
West Nathanview,Hawaii,4890.05,2024-10-10
West Linda,Ohio,2765.79,2023-12-31
New Danielle,Louisiana,1630.09,2024-11-14
East Chelseahaven,Oregon,772.47,2024-07-23
West Darius,West Virginia,1212.35,2024-02-18
East Ashleytown,Indiana,1369.17,2024-01-08
Millerbury,Pennsylvania,1143.38,2024-01-29
Lopezborough,Iowa,366.5,2024-09-26
New Kevin,Georgia,2810.43,2024-07-05
West Christianton,Wyoming,1589.26,2024-07-19
West Tamara,Tennessee,4879.19,2024-06-05
South Michelle,Washington,2900.79,2024-01-16
Lopezburgh,South Dakota,3577.86,2024-10-20
Lake Sandra,Rhode Island,893.51,2024-05-03
Floresview,Massachusetts,4381.77,2024-02-16
East Carolynton,Tennessee,2607.13,2024-07-25
Blanchardtown,New Mexico,4401.78,2024-05-08
Tammyfurt,Texas,2998.1,2023-12-29
Estradabury,Michigan,2506.17,2024-11-22
Carolynfort,Florida,2370.2,2023-12-29
Port Kimberlyberg,Kentucky,1166.51,2024-10-22
Kristinaberg,South Carolina,541.47,2024-10-31
North Cynthiamouth,North Carolina,4723.0,2024-02-22
Bensonmouth,Nevada,2545.33,2024-06-06
South Andrew,Indiana,4163.94,2024-04-10
Christopherside,Oklahoma,2183.32,2024-08-24
Saundersside,Texas,648.19,2024-09-28
South Shannon,Washington,3258.39,2024-10-01
North Eric,Florida,551.96,2024-08-05
East Gregory,Maryland,1001.23,2024-05-13
Jacobshire,Rhode Island,2945.35,2024-03-09
South Charles,Tennessee,1728.03,2024-01-19
West Alexis,Louisiana,4971.42,2024-02-26
Brianaton,West Virginia,856.72,2023-12-09
Mcculloughview,West Virginia,3892.88,2023-12-17
Ellisbury,Kentucky,3149.69,2024-06-01
Ericberg,North Dakota,4016.48,2024-08-15
Brownborough,Louisiana,1360.73,2024-09-19
Richardton,North Carolina,2756.09,2024-10-04
Lake Brandi,Michigan,2417.42,2024-05-18
Barnesmouth,Indiana,2380.79,2024-07-12
Port Matthewchester,New Jersey,4342.78,2024-06-16
West Emilyton,Kansas,4953.15,2024-05-31
Port Jessicaborough,Missouri,1735.29,2024-10-06
Lopezland,Arizona,3218.83,2024-06-18
Crystalstad,Alabama,3165.27,2024-01-26
Heatherland,Mississippi,3778.42,2024-07-15
Cynthiastad,Montana,4753.67,2024-02-25
New Maryport,Alabama,1276.6,2024-10-16
West Cassieview,Arkansas,1291.82,2024-03-16
Garrettshire,Wisconsin,3404.01,2024-05-14
Sarahburgh,Washington,1038.17,2024-07-04
Lake Justinport,New Jersey,1116.92,2024-03-29
Harrisonborough,Florida,652.8,2024-07-03
East Austinland,Wisconsin,312.58,2024-06-25
Port Darren,Missouri,2417.37,2024-08-04
Sandovaltown,Washington,3090.91,2024-01-03
East Toddberg,Kentucky,1668.92,2024-05-23
Andreamouth,Arizona,1387.94,2024-04-26
South Emily,Arkansas,3622.69,2024-09-18
Jenniferchester,West Virginia,3604.04,2024-08-21
Lake Jeffrey,Texas,2433.95,2024-02-03
Port Benjaminburgh,Wyoming,3530.71,2024-04-10
Dominiqueberg,New Jersey,4642.38,2024-01-22
Dickersonport,California,4002.79,2023-11-29
Sergiofurt,Maryland,3237.77,2024-09-23
Kariview,Michigan,3407.56,2024-08-10
South Johnside,Wyoming,4688.24,2024-04-06
Michaelburgh,North Dakota,2298.15,2024-09-06
Port Kristen,Minnesota,2859.44,2024-03-12
Santanastad,North Dakota,3343.88,2024-03-17
Espinozaburgh,Idaho,4569.53,2024-07-22
Port Katelynmouth,Iowa,4185.17,2024-03-04
Port Kristinatown,Michigan,635.63,2024-11-19
South Angela,Ohio,1079.84,2024-01-29
Lake Melindabury,New Mexico,1745.78,2024-03-06
Walkerfort,West Virginia,3820.1,2024-02-23
South Elizabethhaven,New York,2975.27,2024-06-17
Teresaview,Louisiana,1656.47,2024-03-01
East Jillianville,South Carolina,884.46,2024-06-25
Port Ryanville,Colorado,3536.79,2024-03-10
Rachelland,Louisiana,3588.75,2024-01-02
Shawnchester,Missouri,4730.58,2024-05-27
Gomezburgh,Virginia,2652.22,2024-11-16
Ryanside,Virginia,2620.84,2024-11-05
West Heatherview,Maryland,678.08,2024-06-15
North Michael,Tennessee,487.35,2024-02-17
North Suzanne,Maine,2330.53,2024-07-01
Lindaton,Minnesota,1814.91,2024-07-11
Wilcoxside,Alaska,1476.73,2024-03-06
Port Elizabeth,South Dakota,729.24,2024-08-26
Tonybury,Kansas,4820.98,2024-07-17
Ryanton,Alaska,4229.01,2024-04-28
New Chadville,Connecticut,3003.44,2024-02-22
Jessicaville,New York,4768.7,2023-12-20
South Michelle,Idaho,4997.99,2024-09-14
North Jessicaville,Kansas,3459.72,2024-06-07
South Stacy,Indiana,1566.7,2024-03-02
Willismouth,New Mexico,489.09,2024-03-18
Port Stevenmouth,Alaska,3854.46,2024-08-06
Sarahton,Iowa,2511.35,2024-11-22
South Erinshire,West Virginia,3362.09,2024-02-17
Davidland,Vermont,4605.54,2024-10-04
Brandonfort,Washington,1153.0,2024-09-22
Ryanfort,New Mexico,3051.05,2024-08-21
Andersonhaven,Washington,3283.49,2024-04-12
New Ashley,Massachusetts,2611.11,2024-10-09
South Donald,Alaska,728.84,2024-02-09
Kyleport,Ohio,1935.42,2024-06-13
Jacquelineborough,West Virginia,1866.55,2024-04-25
East Malloryfort,Washington,3449.63,2024-08-04
Shelbybury,Florida,4331.35,2024-06-15
New Ginaberg,Nevada,1850.08,2023-12-20
West Calebfurt,Colorado,3560.27,2024-01-29
Jennifershire,Wisconsin,1654.62,2024-08-04
Port Brett,Wyoming,4742.41,2024-10-16
Jacksonshire,Maryland,4123.76,2024-08-25
Changberg,Maryland,2885.45,2024-04-16
Port Katrina,New Mexico,2437.68,2024-02-23
North Victormouth,New York,1778.23,2024-11-06
West Dianatown,Texas,1819.39,2024-02-26
South Kevin,Kentucky,4859.87,2023-12-16
West Amy,California,2199.62,2024-11-20
Obrienton,Nebraska,2718.6,2024-08-24
East Mitchellberg,Arizona,4944.16,2024-07-20
West Alex,Utah,3391.0,2024-10-31
North Ericmouth,Georgia,2850.19,2024-05-12
Samanthafurt,Colorado,2242.26,2024-04-23
West Christopher,Rhode Island,1181.64,2024-02-01
South Kaitlynfort,Georgia,2000.36,2024-05-01
North Travistown,Utah,3855.28,2024-01-21
Port Natasha,Utah,3239.42,2023-12-20
Lake Natalieburgh,New Mexico,3871.96,2024-03-19
Carterchester,New Mexico,1256.72,2024-03-10
Claudiashire,New Jersey,2881.33,2024-06-14
South Danielport,Georgia,4660.06,2024-09-26
Catherinehaven,New Jersey,2359.15,2024-05-01
Mclaughlinside,New Hampshire,3581.78,2024-07-22
North Laura,New Mexico,870.7,2024-10-29
Bellberg,Delaware,4873.79,2024-02-24
Ginashire,Minnesota,3161.7,2024-01-19
West Dawnbury,New Mexico,1424.7,2023-12-25
Osbornburgh,Indiana,1044.38,2024-05-21
Contrerasview,Nevada,2888.94,2023-12-08
Rosaleshaven,Alaska,2895.58,2024-08-30
Carolinemouth,New Jersey,738.08,2024-09-09
West Robertshire,Connecticut,4963.61,2024-08-19
Josephfurt,Alaska,4590.77,2024-04-01
Lake Martin,North Dakota,2468.81,2024-09-17
New David,Kansas,852.09,2024-10-24
New Joshua,Maine,4211.07,2023-11-29
North Kimberlymouth,New Mexico,2642.36,2024-09-10
Parkerport,Delaware,3668.04,2024-09-17
North Dominiquefort,Massachusetts,2691.7,2024-03-03
Brewerchester,Wyoming,1585.1,2024-09-28
West Craig,Colorado,4223.2,2023-12-31
Delgadofort,Nebraska,4907.15,2024-10-18
Emilytown,Kansas,1445.54,2024-08-20
Margarettown,North Carolina,2890.95,2024-01-26
Burnsville,Louisiana,2102.85,2024-01-19
North Zoehaven,North Dakota,4632.78,2024-10-03
North Peterland,Alabama,2688.73,2024-02-06
Tracyfurt,Rhode Island,4432.83,2023-12-12
Andrewstad,Nevada,4360.93,2024-07-24
Lake Ronald,Connecticut,1598.36,2024-08-24
South Zacharyside,North Carolina,4013.03,2024-10-31
Christinemouth,North Carolina,2250.23,2024-05-20
West Thomasport,Tennessee,4690.97,2024-03-02
Lake Dawnbury,Connecticut,2686.37,2024-02-13
West Barbarafurt,Indiana,4156.58,2024-07-08
West Ashleytown,Tennessee,1629.34,2024-08-08
Ponceton,Utah,1703.21,2024-01-05
West Scottport,West Virginia,3058.61,2023-12-06
West Meghan,Oklahoma,4994.84,2024-02-16
Chandlerstad,North Carolina,2601.31,2024-01-22
Brownborough,Montana,998.4,2024-04-19
North Christopherview,Vermont,2831.33,2024-01-15
Brianfort,Louisiana,1922.08,2024-09-29
East Katie,Rhode Island,2894.01,2024-04-10
Michelleville,Tennessee,2854.12,2024-04-03
Deborahmouth,New Mexico,2440.12,2024-10-07
North Kennethview,Nevada,1812.35,2024-09-01
Port Maryfort,Georgia,1186.67,2024-09-17
East Leslieland,Arkansas,3578.24,2024-05-17
New Kathryn,North Dakota,2987.45,2024-09-23
New Stefanieburgh,North Carolina,1397.74,2024-06-11
Donaldland,Alaska,3945.06,2024-04-17
North Amberborough,Texas,505.14,2024-05-24
New Yolanda,Louisiana,3800.11,2024-11-04
Port Jamiestad,Alabama,3614.57,2024-10-01
East Russellport,Connecticut,4113.62,2024-07-07
Lake Annette,Massachusetts,2114.57,2024-04-03
Lopezfurt,Oklahoma,3419.34,2024-06-07
South Erin,Louisiana,4157.51,2024-03-31
South Williambury,Oregon,4909.85,2024-06-01
New Jamesport,Florida,2628.04,2024-11-22
Quinnton,South Dakota,473.99,2024-09-06
East Mariatown,Colorado,2660.77,2024-09-06
Raymondchester,New Hampshire,3073.85,2024-07-01
North Coreymouth,Virginia,4387.59,2024-08-22
Gayport,New Mexico,4408.69,2024-06-04
Millstown,Nevada,2369.44,2024-05-30
Heathermouth,Wisconsin,2771.97,2024-09-13
Port Davidmouth,West Virginia,2447.56,2024-10-10
Vaughnberg,South Dakota,3695.49,2024-04-11
Catherineport,New Jersey,2226.9,2024-07-19
South Chadfurt,Utah,3377.47,2024-09-14
Baileyburgh,Colorado,1025.5,2024-05-22
Colinburgh,Idaho,2506.61,2024-09-20
Stephanieport,North Carolina,4855.26,2024-03-19
East Roberto,Oregon,1891.24,2024-09-10
South Kimberly,Indiana,3555.71,2024-03-10
East Heather,South Dakota,3354.23,2023-12-15
Johnsonhaven,Arizona,4303.3,2024-03-25
Tamaramouth,Louisiana,4306.0,2024-07-10
Port Traci,Maryland,4338.91,2024-02-26
Millsmouth,Rhode Island,2086.04,2024-06-09
Lake Kimberlyshire,Hawaii,1788.31,2024-06-06
Randolphland,Arkansas,3677.97,2024-10-12
Port Deborah,Missouri,3869.19,2024-05-02
Port Taylor,New Jersey,4400.2,2024-03-08
Lake Jonathanhaven,Maine,468.73,2024-06-04
Collinschester,Kentucky,621.58,2024-08-31
Amandaborough,California,3266.46,2024-07-27
Valentinetown,North Carolina,4628.37,2024-03-09
Davidsonshire,Maine,4987.9,2024-10-26
Blankenshipburgh,Georgia,3809.8,2024-11-11
Angelaborough,Alabama,2339.67,2024-07-26
Laurenshire,Nebraska,762.68,2024-02-29
West Angela,Ohio,3278.61,2024-02-26
Littlefort,North Dakota,4401.12,2023-12-02
Lake Randy,Connecticut,2385.29,2024-07-18
Taramouth,Wisconsin,3561.81,2024-07-08
West Christopherburgh,Hawaii,4546.09,2024-02-20
South Jamesshire,Kansas,516.16,2023-12-17
West Lori,Oregon,4041.87,2024-04-25
Laneborough,Nebraska,1678.83,2024-09-01
New Vickie,Georgia,2061.75,2024-08-23
Barbarashire,Arkansas,984.18,2024-05-26
West Valerieshire,North Dakota,2796.48,2024-10-19
East Danielle,Wyoming,2959.86,2024-10-05
New Patriciastad,Massachusetts,4024.84,2024-04-29
North Christianmouth,Rhode Island,1098.92,2024-07-12
West Sarah,Wyoming,671.15,2023-11-26
Port Michaelmouth,South Carolina,4392.95,2024-11-22
Coreyberg,New Hampshire,3212.64,2024-05-02
North Hannahchester,New Hampshire,1431.9,2024-09-22
Lisastad,Minnesota,4590.3,2024-11-15
Cynthiaport,Colorado,972.65,2024-09-09
West Brittany,Massachusetts,2467.4,2023-12-25
West Kim,Wisconsin,1493.69,2023-12-01
Tuckerfort,Delaware,1500.04,2024-03-25
Lunafurt,South Dakota,344.17,2024-05-21
West Michael,Florida,4081.78,2024-06-22
Priceberg,Oklahoma,4535.68,2023-12-19
South Rogerside,Texas,3484.77,2024-06-06
East Bethfurt,Michigan,1042.49,2024-08-15
New Coreyville,Rhode Island,2376.13,2024-09-06
Katieport,Michigan,1924.16,2024-05-22
Port Scottshire,Nevada,3061.59,2024-07-12
South Lauraborough,Minnesota,3303.01,2023-12-11
Bakershire,New Jersey,2294.25,2023-12-05
Perkinsborough,New Hampshire,1475.46,2024-06-17
New Hannahland,Vermont,4272.93,2024-07-13
East Douglas,Hawaii,1236.32,2024-03-24
New Hannahchester,Oklahoma,2108.06,2024-01-16
Harrishaven,North Dakota,2571.08,2024-05-01
West Cynthia,Nebraska,1414.87,2024-07-14
Port Deborahshire,Tennessee,2988.04,2024-02-17
Karenhaven,Maine,3001.62,2023-12-05
Robertton,North Dakota,4965.65,2024-01-04
Patrickborough,North Carolina,1687.58,2023-12-27
Port Charles,North Carolina,4896.34,2024-01-26
Wardberg,Michigan,3393.68,2024-05-18
Royside,Nebraska,1590.06,2024-09-26
Smithbury,Michigan,2959.87,2024-01-26
Johnsonton,Pennsylvania,3523.26,2024-07-15
Ashleymouth,South Carolina,3799.94,2024-10-27
East Robert,South Dakota,530.51,2024-05-19
Lake Edwin,Idaho,3150.11,2024-03-23
North Ricky,Florida,2634.62,2024-06-18
Joshuachester,Alaska,4549.53,2024-10-05
Lake Melissa,California,1645.11,2023-12-05
Lake Henry,California,4054.64,2024-03-04
Justinstad,Hawaii,3153.21,2024-07-21
East Sandraside,Utah,1955.91,2024-01-27
Martinfort,Michigan,3292.1,2024-11-15
New Christopherview,Washington,3218.19,2024-10-31
Katherinefort,Wisconsin,3485.49,2024-03-21
East Dawnport,New Mexico,3688.36,2024-06-20
Matthewview,Indiana,3398.15,2023-12-20
Sydneychester,Massachusetts,4240.18,2024-06-16
Pittmanview,Oklahoma,3252.77,2024-02-29
Dakotaview,Alaska,4546.0,2024-01-25
Parkerberg,Vermont,3337.8,2024-09-04
North Melinda,Maryland,1751.98,2024-01-24
Lisaton,Oklahoma,2371.87,2024-02-07
Bellview,West Virginia,3024.0,2024-11-11
Perezport,Oklahoma,3742.09,2024-06-17
Port Beth,Florida,723.63,2024-05-02
Johnsonfort,Wisconsin,1687.02,2023-12-19
Port Briannamouth,Connecticut,3813.16,2024-03-08
Hardymouth,Connecticut,1125.51,2024-03-03
East Courtney,Texas,921.15,2024-01-25
Mezaside,Oklahoma,2835.22,2024-05-11
Christinastad,Maryland,4866.0,2024-07-20
Murrayland,South Carolina,2795.01,2024-10-14
Meganport,New Hampshire,4593.39,2024-06-25
North Patrick,Iowa,4203.22,2024-06-10
Raymondtown,Wisconsin,1507.76,2024-08-25
Port Sabrinaborough,Connecticut,4176.04,2024-10-13
Port Katherine,Mississippi,2564.68,2024-03-15
East Charles,New Jersey,4090.5,2024-07-17
South Michaelatown,Maryland,3808.83,2023-11-25
Jenniferbury,Missouri,1891.96,2024-02-18
South Jessicashire,Idaho,841.3,2023-12-31
South Kevintown,Nebraska,4825.6,2024-11-03
South Annaburgh,Connecticut,961.56,2024-06-05
Yvonneton,North Carolina,4842.55,2024-10-31
Angelashire,Arkansas,4342.66,2024-09-03
New Isaacfurt,West Virginia,3703.82,2024-08-13
Stephenborough,South Dakota,4905.73,2023-12-13
Annafort,Rhode Island,4846.17,2024-02-13
North Kenneth,Virginia,4081.56,2024-03-14
South Amandaburgh,Kentucky,2019.14,2024-05-11
Acostaberg,New York,4016.21,2024-01-24
Blackville,Pennsylvania,365.42,2023-12-20
Briantown,Alabama,2821.89,2024-10-24
Port Sherryshire,Oklahoma,2437.49,2023-12-03
Lake Raymond,Utah,3462.29,2024-02-22
South Rebeccaport,Nebraska,3460.0,2023-12-20
Lopezland,Michigan,3047.43,2024-10-19
North Jessicaton,Montana,4165.36,2024-05-07
Garciaport,Ohio,4719.37,2024-08-21
Gwendolynfort,Nebraska,809.23,2024-02-27
North Aaronborough,Massachusetts,1398.96,2024-05-15
New Matthewport,New York,417.62,2024-05-09
Ramseyborough,Nevada,4455.9,2024-06-22
Jasonfurt,Montana,2938.61,2023-12-08
Destinymouth,West Virginia,4601.7,2024-06-01
Ortiztown,Georgia,1340.43,2024-06-21
Vincentstad,Vermont,597.12,2024-06-15
North Christieberg,Maryland,4172.12,2024-10-12
Port Patrickville,New Jersey,4574.12,2023-11-25
Harrellshire,New Hampshire,1720.29,2024-10-12
Richardborough,Texas,2218.99,2024-05-03
East Adrian,Kansas,956.95,2024-08-30
Port Tony,Vermont,4747.43,2024-08-07
Barbaraburgh,Nebraska,1730.51,2024-01-10
Lake Paulside,Vermont,2615.34,2024-11-21
Cookhaven,Michigan,756.8,2024-03-13
Port John,Utah,4470.12,2024-06-24
South Julieburgh,Florida,937.62,2024-04-02
Ortizchester,Maine,2432.13,2024-09-30
Tommyshire,Maine,3451.29,2023-12-28
South Kristie,Pennsylvania,3792.76,2024-01-14
Taratown,Oklahoma,4746.08,2024-06-14
South David,Texas,2269.9,2024-07-30
East Bradleyberg,Colorado,3788.66,2024-03-04
New Johnfurt,Maine,1026.26,2024-03-14
Kristafort,Maine,2249.96,2024-03-30
Moorefort,New Hampshire,765.4,2024-07-30
Christineborough,Texas,2599.93,2023-12-27
East Jessica,Connecticut,2218.14,2024-08-18
North Lindseybury,New Hampshire,4772.15,2023-12-07
South Michelle,Iowa,453.77,2024-03-04
New Kylefort,Missouri,2041.49,2024-11-14
South Deborah,Arizona,2383.9,2023-12-12
New Chelseashire,New Jersey,4767.61,2024-08-25
Lake Matthew,Nebraska,4320.62,2024-07-15
